{
  "project_info": {
    "project_number": "413503775968",
    "project_id": "login-83916",
    "storage_bucket": "login-83916.appspot.com"
  },
  "client": [
    {
      "client_info": {
        "mobilesdk_app_id": "1:413503775968:android:bcc4275241342ac6139c85",
        "android_client_info": {
          "package_name": "org.techtown.samplegooglelogin"
        }
      },
      "oauth_client": [
        {
          "client_id": "413503775968-b3abl0l47auvvs3p4ilelil96ohkpgii.apps.googleusercontent.com",
          "client_type": 1,
          "android_info": {
            "package_name": "org.techtown.samplegooglelogin",
            "certificate_hash": "dda7ab0f98417fe27a2021468237e7524e36de58"
          }
        },
        {
          "client_id": "413503775968-i0jh3807r77keqh9sbevjo68f63uu1c9.apps.googleusercontent.com",
          "client_type": 3
        }
      ],
      "api_key": [
        {
          "current_key": "AIzaSyCyC6Vp7zC9bmPiY74LUPYAR9u2ZKNCiBE"
        }
      ],
      "services": {
        "appinvite_service": {
          "other_platform_oauth_client": [
            {
              "client_id": "413503775968-i0jh3807r77keqh9sbevjo68f63uu1c9.apps.googleusercontent.com",
              "client_type": 3
            }
          ]
        }
      }
    }
  ],
  "configuration_version": "1"
}